<?xml version="1.0" encoding="UTF-8"?>
<window type="dialog">
    <defaultcontrol>2</defaultcontrol>
    <coordinates>
        <s>1</s>
        <posx>0</posx>
        <posy>0</posy>
    </coordinates>
    <controls>

        <control type="image">
            <posx>0</posx>
            <posy>0</posy>
            <width>1920</width>
            <height>1080</height>
            <texture>$INFO[Window(10000).Property(loading.fanart)]</texture>
            <aspectratio>scale</aspectratio>
        </control>

        <control type="image">
            <posx>0</posx>
            <posy>0</posy>
            <width>1920</width>
            <height>1080</height>
            <texture>white.png</texture>
            <colordiffuse>CC000000</colordiffuse>
        </control>

        <control type="group">
            <posx>685</posx>
            <posy>480</posy>

            <control type="image">
                <posx>0</posx>   <posy>0</posy>   <width>50</width> <height>50</height>
                <texture>white.png</texture>
                <colordiffuse>30FFFFFF</colordiffuse>
                <visible>!Integer.IsGreaterOrEqual(Window(10000).Property(loading.progress),6)</visible>
                <animation effect="fade" start="100" end="0" time="500">Hidden</animation>
            </control>
            <control type="image">
                <posx>0</posx>   <posy>0</posy>   <width>50</width> <height>50</height>
                <texture>white.png</texture>
                <colordiffuse>FFFFFFFF</colordiffuse>
                <visible>Integer.IsGreaterOrEqual(Window(10000).Property(loading.progress),6)</visible>
                <animation effect="fade" start="0" end="100" time="500">Visible</animation>
            </control>

            <control type="image">
                <posx>70</posx>  <posy>0</posy>   <width>50</width> <height>50</height>
                <texture>white.png</texture>
                <colordiffuse>30FFFFFF</colordiffuse>
                <visible>!Integer.IsGreaterOrEqual(Window(10000).Property(loading.progress),16)</visible>
                <animation effect="fade" start="100" end="0" time="500">Hidden</animation>
            </control>
            <control type="image">
                <posx>70</posx>  <posy>0</posy>   <width>50</width> <height>50</height>
                <texture>white.png</texture>
                <colordiffuse>FFFFFFFF</colordiffuse>
                <visible>Integer.IsGreaterOrEqual(Window(10000).Property(loading.progress),16)</visible>
                <animation effect="fade" start="0" end="100" time="500">Visible</animation>
            </control>

            <control type="image">
                <posx>140</posx> <posy>0</posy>   <width>50</width> <height>50</height>
                <texture>white.png</texture>
                <colordiffuse>30FFFFFF</colordiffuse>
                <visible>!Integer.IsGreaterOrEqual(Window(10000).Property(loading.progress),26)</visible>
                <animation effect="fade" start="100" end="0" time="500">Hidden</animation>
            </control>
            <control type="image">
                <posx>140</posx> <posy>0</posy>   <width>50</width> <height>50</height>
                <texture>white.png</texture>
                <colordiffuse>FFFFFFFF</colordiffuse>
                <visible>Integer.IsGreaterOrEqual(Window(10000).Property(loading.progress),26)</visible>
                <animation effect="fade" start="0" end="100" time="500">Visible</animation>
            </control>

            <control type="image">
                <posx>210</posx> <posy>0</posy>   <width>50</width> <height>50</height>
                <texture>white.png</texture>
                <colordiffuse>30FFFFFF</colordiffuse>
                <visible>!Integer.IsGreaterOrEqual(Window(10000).Property(loading.progress),36)</visible>
                <animation effect="fade" start="100" end="0" time="500">Hidden</animation>
            </control>
            <control type="image">
                <posx>210</posx> <posy>0</posy>   <width>50</width> <height>50</height>
                <texture>white.png</texture>
                <colordiffuse>FFFFFFFF</colordiffuse>
                <visible>Integer.IsGreaterOrEqual(Window(10000).Property(loading.progress),36)</visible>
                <animation effect="fade" start="0" end="100" time="500">Visible</animation>
            </control>

            <control type="image">
                <posx>280</posx> <posy>0</posy>   <width>50</width> <height>50</height>
                <texture>white.png</texture>
                <colordiffuse>30FFFFFF</colordiffuse>
                <visible>!Integer.IsGreaterOrEqual(Window(10000).Property(loading.progress),46)</visible>
                <animation effect="fade" start="100" end="0" time="500">Hidden</animation>
            </control>
            <control type="image">
                <posx>280</posx> <posy>0</posy>   <width>50</width> <height>50</height>
                <texture>white.png</texture>
                <colordiffuse>FFFFFFFF</colordiffuse>
                <visible>Integer.IsGreaterOrEqual(Window(10000).Property(loading.progress),46)</visible>
                <animation effect="fade" start="0" end="100" time="500">Visible</animation>
            </control>

            <control type="image">
                <posx>350</posx> <posy>0</posy>   <width>50</width> <height>50</height>
                <texture>white.png</texture>
                <colordiffuse>30FFFFFF</colordiffuse>
                <visible>!Integer.IsGreaterOrEqual(Window(10000).Property(loading.progress),56)</visible>
                <animation effect="fade" start="100" end="0" time="500">Hidden</animation>
            </control>
            <control type="image">
                <posx>350</posx> <posy>0</posy>   <width>50</width> <height>50</height>
                <texture>white.png</texture>
                <colordiffuse>FFFFFFFF</colordiffuse>
                <visible>Integer.IsGreaterOrEqual(Window(10000).Property(loading.progress),56)</visible>
                <animation effect="fade" start="0" end="100" time="500">Visible</animation>
            </control>

            <control type="image">
                <posx>420</posx> <posy>0</posy>   <width>50</width> <height>50</height>
                <texture>white.png</texture>
                <colordiffuse>30FFFFFF</colordiffuse>
                <visible>!Integer.IsGreaterOrEqual(Window(10000).Property(loading.progress),66)</visible>
                <animation effect="fade" start="100" end="0" time="500">Hidden</animation>
            </control>
            <control type="image">
                <posx>420</posx> <posy>0</posy>   <width>50</width> <height>50</height>
                <texture>white.png</texture>
                <colordiffuse>FFFFFFFF</colordiffuse>
                <visible>Integer.IsGreaterOrEqual(Window(10000).Property(loading.progress),66)</visible>
                <animation effect="fade" start="0" end="100" time="500">Visible</animation>
            </control>

            <control type="image">
                <posx>490</posx> <posy>0</posy>   <width>50</width> <height>50</height>
                <texture>white.png</texture>
                <colordiffuse>30FFFFFF</colordiffuse>
                <visible>!Integer.IsGreaterOrEqual(Window(10000).Property(loading.progress),76)</visible>
                <animation effect="fade" start="100" end="0" time="500">Hidden</animation>
            </control>
            <control type="image">
                <posx>490</posx> <posy>0</posy>   <width>50</width> <height>50</height>
                <texture>white.png</texture>
                <colordiffuse>FFFFFFFF</colordiffuse>
                <visible>Integer.IsGreaterOrEqual(Window(10000).Property(loading.progress),76)</visible>
                <animation effect="fade" start="0" end="100" time="500">Visible</animation>
            </control>
        </control>

        <control type="label">
            <posx>0</posx>
            <posy>550</posy>
            <width>1920</width>
            <height>35</height>
            <align>center</align>
            <aligny>center</aligny>
            <font>font13_title</font>
            <textcolor>FFFFFFFF</textcolor>
            <label>Procurando nas fontes</label>
            <visible>String.IsEqual(Window(10000).Property(loading.phase),1)</visible>
        </control>

        <control type="label">
            <posx>0</posx>
            <posy>590</posy>
            <width>1920</width>
            <height>30</height>
            <align>center</align>
            <aligny>center</aligny>
            <font>font13</font>
            <textcolor>AAFFFFFF</textcolor>
            <label>$INFO[Window(10000).Property(loading.sources_found)]</label>
            <visible>String.IsEqual(Window(10000).Property(loading.phase),1)</visible>
        </control>

        <control type="label">
            <posx>0</posx>
            <posy>550</posy>
            <width>1920</width>
            <height>35</height>
            <align>center</align>
            <aligny>center</aligny>
            <font>font13_title</font>
            <textcolor>FFFFFFFF</textcolor>
            <label>Resolvendo link</label>
            <visible>String.IsEqual(Window(10000).Property(loading.phase),3)</visible>
        </control>

    </controls>
</window>
