<?xml version="1.0" encoding="UTF-8"?>
<window>
    <defaultcontrol always="true">3001</defaultcontrol>
    <coordinates>
        <s>1</s>
        <posx>0</posx>
        <posy>0</posy>
    </coordinates>
    
    <controls>
        <control type="image">
            <posx>0</posx>
            <posy>0</posy>
            <width>1920</width>
            <height>1080</height>
            <texture colordiffuse="DD000000">black.png</texture>
        </control>
        
        <control type="group">
            <posx>1250</posx>
            <posy>680</posy>
            <width>620</width>
            <height>340</height>
            
            <control type="image">
                <posx>0</posx>
                <posy>0</posy>
                <width>620</width>
                <height>340</height>
                <texture colordiffuse="FF1A1A1A">white.png</texture>
                <bordertexture border="8">roundedbutton-focus.png</bordertexture>
                <bordersize>2</bordersize>
            </control>
            
            <control type="image" id="3004">
                <posx>20</posx>
                <posy>20</posy>
                <width>280</width>
                <height>158</height>
                <aspectratio>scale</aspectratio>
                <texture>DefaultVideo.png</texture>
            </control>
            
            <control type="label">
                <posx>320</posx>
                <posy>15</posy>
                <width>280</width>
                <height>35</height>
                <font>font14</font>
                <textcolor>FFFFFFFF</textcolor>
                <label>$ADDON[plugin.video.thethunder 32107]</label>
            </control>
            
            <control type="label" id="3003">
                <posx>320</posx>
                <posy>60</posy>
                <width>280</width>
                <height>120</height>
                <font>font13</font>
                <textcolor>FFE0E0E0</textcolor>
                <label>1x02 - Episode Title</label>
                <wrapmultiline>true</wrapmultiline>
            </control>
            
            <control type="progress" id="3005">
                <posx>20</posx>
                <posy>200</posy>
                <width>580</width>
                <height>10</height>
                <texturebg colordiffuse="FF404040">white.png</texturebg>
                <lefttexture>-</lefttexture>
                <midtexture colordiffuse="FF00D9FF">white.png</midtexture>
                <righttexture>-</righttexture>
                <info>0</info>
            </control>
            
            <control type="button" id="3001">
                <posx>20</posx>
                <posy>235</posy>
                <width>285</width>
                <height>50</height>
                <label>$ADDON[plugin.video.thethunder 32108]</label>
                <font>font13</font>
                <textcolor>FFFFFFFF</textcolor>
                <focusedcolor>FFFFFFFF</focusedcolor>
                <texturefocus>white10.png</texturefocus>
                <texturenofocus></texturenofocus>
                <onleft>3002</onleft>
                <onright>3002</onright>
                <onup>3002</onup>
                <ondown>3002</ondown>
            </control>
            
            <control type="button" id="3002">
                <posx>315</posx>
                <posy>235</posy>
                <width>285</width>
                <height>50</height>
                <label>$ADDON[plugin.video.thethunder 32109]</label>
                <font>font13</font>
                <textcolor>FFFFFFFF</textcolor>
                <focusedcolor>FFFFFFFF</focusedcolor>
                <texturefocus>white10.png</texturefocus>
                <texturenofocus></texturenofocus>
                <onleft>3001</onleft>
                <onright>3001</onright>
                <onup>3001</onup>
                <ondown>3001</ondown>
            </control>
        </control>
    </controls>
</window>
